-- Data for User
INSERT INTO "User" (id, fullname, email, password, phone, birthDate, passport, medicalDocuments, bio, role, isChecked, teacherId, createdAt) VALUES ('019ea65d-bebb-7d51-a548-4dad3acba403', 'Батищев Григорий', 'burmalda@gmail.com', '$2b$10$NHB2JQmfnnxZVHqgAfpgRuVfc68CiiSKCFdTiRHSvjEpENtLapCS2', '+7 920 518 52 53', '2026-06-19', 'https://peoples-treasure.storage.yandexcloud.net/passports/1780907621521-c0bfcba1f22c3bbe-image_13.png', NULL, 'vdvdfvdfvdvdfvdfvd', 'TEACHER', true, NULL, '2026-06-08T08:33:42.075Z');
INSERT INTO "User" (id, fullname, email, password, phone, birthDate, passport, medicalDocuments, bio, role, isChecked, teacherId, createdAt) VALUES ('019ea664-7db0-7592-85a1-5ef153eb11cc', 'Покойо', 'vova@gmail.com', '$2b$10$O2LZQy/cniWBr67obhNNIeHdIOf9hV/aQS33KrXNPZettIJReBlnq', '+7 676 677 67 67', '2010-02-12', NULL, 'https://peoples-treasure.storage.yandexcloud.net/medical/1780908059076-5f9beb3e9c417056-______________2023-12-06_214425.png', NULL, 'STUDENT', false, '019ea65d-bebb-7d51-a548-4dad3acba403', '2026-06-08T08:41:04.176Z');
INSERT INTO "User" (id, fullname, email, password, phone, birthDate, passport, medicalDocuments, bio, role, isChecked, teacherId, createdAt) VALUES ('019ea954-2d09-7a30-8bea-727ace466518', 'Филатов Даниил Андреевич', 'FDA-2011@yandex.ru', '$2b$10$upGuqmyUCPX.wFKX1kL42.Ynp6HYMH4.fhZQWc1mMVA2lyMvh9foS', '+79092198083', '2011-12-23', NULL, NULL, NULL, 'STUDENT', true, '019ea65d-bebb-7d51-a548-4dad3acba403', '2026-06-08T22:22:06.602Z');
INSERT INTO "User" (id, fullname, email, password, phone, birthDate, passport, medicalDocuments, bio, role, isChecked, teacherId, createdAt) VALUES ('019eab71-00ea-74b1-acc8-dd9133b89a01', 'Крайнов Владимир Владимирович', 'krainovvova11@gmail.com', '$2b$10$iQ57ruYLZQmoeMadQ9vSKuHqrQ2yY/SNF8rHH5Rt58hTlFhmccmEy', '79103526900', '2011-04-20', 'https://peoples-treasure.storage.yandexcloud.net/passports/1780992769654-92f6eaf03036de17-2026-05-12_14.32.20.png', NULL, 'я владимир', 'TEACHER', true, NULL, '2026-06-09T08:12:50.282Z');
INSERT INTO "User" (id, fullname, email, password, phone, birthDate, passport, medicalDocuments, bio, role, isChecked, teacherId, createdAt) VALUES ('019eab7f-e525-7950-b285-d998f05e3670', 'Филатов Даниил Андреевич', 'hz@asd.asd', '$2b$10$jYyYVIdbGrgN5NPO7iL0hefEQulfqe2thhUuCsBfHTg1MMsipO0wO', '+76767676767', '0067-01-01', 'https://peoples-treasure.storage.yandexcloud.net/passports/1780993745965-e5bb77424b1d1573-young-man-posing-outdoor_23-2148890619.jpg', NULL, 'Чо писать', 'TEACHER', true, NULL, '2026-06-09T08:29:06.214Z');
INSERT INTO "User" (id, fullname, email, password, phone, birthDate, passport, medicalDocuments, bio, role, isChecked, teacherId, createdAt) VALUES ('019eabcf-2cdf-7b71-be79-5ea3eceb7e6f', 'Батищев Григорий 2', 'grigorijbatisev739@gmail.com', '$2b$10$RdQ647fIdzXyjf2nbwwWKesvSQBM3L6tGlWwMvaWILb9KPNewUgCq', '+7 920 518 52 53', '2012-01-28', NULL, 'https://peoples-treasure.storage.yandexcloud.net/medical/1780998941437-0942699d2eee5729-______________2023-12-06_214425.png', NULL, 'STUDENT', false, '019ea65d-bebb-7d51-a548-4dad3acba403', '2026-06-09T09:55:41.919Z');
INSERT INTO "User" (id, fullname, email, password, phone, birthDate, passport, medicalDocuments, bio, role, isChecked, teacherId, createdAt) VALUES ('019eb25f-5d11-73f2-8708-7bbf0503ff6c', 'Вадим Буреев Евгеньевич', 'Vadimbureev380@gmail.com', '$2b$10$sK7lr/UyP7VAJ1flCvCYTeNXsbKtbuJgoAhHPmY.IOwAIQw65nUgK', '+79205450862', '2011-09-06', 'https://peoples-treasure.storage.yandexcloud.net/passports/1781109049735-1c17914a11eb6b63-_____________base64.png', NULL, 'Я Вадим', 'TEACHER', true, NULL, '2026-06-10T16:30:54.737Z');
INSERT INTO "User" (id, fullname, email, password, phone, birthDate, passport, medicalDocuments, bio, role, isChecked, teacherId, createdAt) VALUES ('019eb27d-f726-72f2-994f-d70932cdaa9e', 'Буреев Вадим Евгеньевич', 'Vadimbureev380@yandex.ru', '$2b$10$9f9BeswjFQ2yPO12U0hAzOXiepZHxNbvwrdqjEoMQGJJJ.bjGE1Pa', '+79205450862', '2011-09-06', NULL, 'https://peoples-treasure.storage.yandexcloud.net/medical/1781111056194-6ac661ee7c29e517-cat.jpg', NULL, 'STUDENT', false, '019eb25f-5d11-73f2-8708-7bbf0503ff6c', '2026-06-10T17:04:20.263Z');
INSERT INTO "User" (id, fullname, email, password, phone, birthDate, passport, medicalDocuments, bio, role, isChecked, teacherId, createdAt) VALUES ('019eb2e3-8533-7b33-aa71-735e927de00d', 'Вадим Буреев Евгеньевич', 'pon4ik482011@gmail.com', '$2b$10$yajeQgzvLRNJ4LKOWuiMpeWRTEmKkPoh3Ny1um5CIx5nj78XKqJXO', '+79205450862', '2011-09-06', NULL, NULL, NULL, 'ADMIN', false, NULL, '2026-06-10T18:55:15.763Z');
-- Data for Lesson
INSERT INTO "Lesson" (id, studentId, teacherId, lessonNumber, topic, scheduledAt, meetLink, status) VALUES ('019ea935-8e48-7793-93d2-5b6beb978123', '019ea664-7db0-7592-85a1-5ef153eb11cc', '019ea65d-bebb-7d51-a548-4dad3acba403', 1, '1', '2026-06-19T21:00:00.000Z', 'м', 'SCHEDULED');
INSERT INTO "Lesson" (id, studentId, teacherId, lessonNumber, topic, scheduledAt, meetLink, status) VALUES ('019ea935-8e48-7793-93d2-5b843b854bb5', '019ea664-7db0-7592-85a1-5ef153eb11cc', '019ea65d-bebb-7d51-a548-4dad3acba403', 2, '1', '2026-06-20T21:00:00.000Z', NULL, 'SCHEDULED');
INSERT INTO "Lesson" (id, studentId, teacherId, lessonNumber, topic, scheduledAt, meetLink, status) VALUES ('019ea935-8e48-7793-93d2-5ba1091c16e4', '019ea664-7db0-7592-85a1-5ef153eb11cc', '019ea65d-bebb-7d51-a548-4dad3acba403', 3, '1', '2026-06-11T21:00:00.000Z', NULL, 'SCHEDULED');
INSERT INTO "Lesson" (id, studentId, teacherId, lessonNumber, topic, scheduledAt, meetLink, status) VALUES ('019ea935-8e48-7793-93d2-5bcaaab10678', '019ea664-7db0-7592-85a1-5ef153eb11cc', '019ea65d-bebb-7d51-a548-4dad3acba403', 4, '3', '2026-06-13T03:00:00.000Z', NULL, 'SCHEDULED');
INSERT INTO "Lesson" (id, studentId, teacherId, lessonNumber, topic, scheduledAt, meetLink, status) VALUES ('019ea935-8e48-7793-93d2-5be4b8044dfe', '019ea664-7db0-7592-85a1-5ef153eb11cc', '019ea65d-bebb-7d51-a548-4dad3acba403', 5, '1', '2026-06-13T21:00:00.000Z', NULL, 'SCHEDULED');
INSERT INTO "Lesson" (id, studentId, teacherId, lessonNumber, topic, scheduledAt, meetLink, status) VALUES ('019ea945-0fa6-7632-b4da-8800ae48b471', '019ea664-7db0-7592-85a1-5ef153eb11cc', '019ea65d-bebb-7d51-a548-4dad3acba403', 1, 'введение в управление fpv дронами', '2026-06-14T21:00:00.000Z', 'кпгекптке', 'SCHEDULED');
INSERT INTO "Lesson" (id, studentId, teacherId, lessonNumber, topic, scheduledAt, meetLink, status) VALUES ('019ea945-0fa6-7632-b4da-88232313f90d', '019ea664-7db0-7592-85a1-5ef153eb11cc', '019ea65d-bebb-7d51-a548-4dad3acba403', 2, 'пп', '2026-06-15T21:00:00.000Z', NULL, 'SCHEDULED');
INSERT INTO "Lesson" (id, studentId, teacherId, lessonNumber, topic, scheduledAt, meetLink, status) VALUES ('019ea945-0fa6-7632-b4da-88403fab2e90', '019ea664-7db0-7592-85a1-5ef153eb11cc', '019ea65d-bebb-7d51-a548-4dad3acba403', 3, '123', '2026-06-16T21:00:00.000Z', NULL, 'SCHEDULED');
INSERT INTO "Lesson" (id, studentId, teacherId, lessonNumber, topic, scheduledAt, meetLink, status) VALUES ('019ea945-0fa6-7632-b4da-886c094d412a', '019ea664-7db0-7592-85a1-5ef153eb11cc', '019ea65d-bebb-7d51-a548-4dad3acba403', 4, 'цкц', '2026-06-17T21:00:00.000Z', NULL, 'SCHEDULED');
INSERT INTO "Lesson" (id, studentId, teacherId, lessonNumber, topic, scheduledAt, meetLink, status) VALUES ('019eabf4-9d97-7713-9974-ccb40752069d', '019ea664-7db0-7592-85a1-5ef153eb11cc', '019ea65d-bebb-7d51-a548-4dad3acba403', 1, '1', '2026-06-17T14:00:00.000Z', NULL, 'SCHEDULED');
INSERT INTO "Lesson" (id, studentId, teacherId, lessonNumber, topic, scheduledAt, meetLink, status) VALUES ('019eabf4-9d97-7713-9974-ccd5b97f2bf7', '019ea664-7db0-7592-85a1-5ef153eb11cc', '019ea65d-bebb-7d51-a548-4dad3acba403', 2, '2', '2026-06-13T12:00:00.000Z', NULL, 'SCHEDULED');
INSERT INTO "Lesson" (id, studentId, teacherId, lessonNumber, topic, scheduledAt, meetLink, status) VALUES ('019eabf4-9d97-7713-9974-ccf3b7cfe92a', '019ea664-7db0-7592-85a1-5ef153eb11cc', '019ea65d-bebb-7d51-a548-4dad3acba403', 3, '3', '2026-06-28T12:00:00.000Z', NULL, 'SCHEDULED');
INSERT INTO "Lesson" (id, studentId, teacherId, lessonNumber, topic, scheduledAt, meetLink, status) VALUES ('019eabf4-9d97-7713-9974-cd10fad3718b', '019ea664-7db0-7592-85a1-5ef153eb11cc', '019ea65d-bebb-7d51-a548-4dad3acba403', 4, '4', '2026-06-25T13:00:00.000Z', NULL, 'SCHEDULED');
INSERT INTO "Lesson" (id, studentId, teacherId, lessonNumber, topic, scheduledAt, meetLink, status) VALUES ('019eabf4-9d98-7760-beb5-bae55d9e5e02', '019ea664-7db0-7592-85a1-5ef153eb11cc', '019ea65d-bebb-7d51-a548-4dad3acba403', 5, '5', '2026-06-20T11:00:00.000Z', NULL, 'SCHEDULED');
INSERT INTO "Lesson" (id, studentId, teacherId, lessonNumber, topic, scheduledAt, meetLink, status) VALUES ('019eac59-2b6e-7740-a486-555b90af0120', '019eabcf-2cdf-7b71-be79-5ea3eceb7e6f', '019ea65d-bebb-7d51-a548-4dad3acba403', 1, '1', '2026-06-09T13:00:00.000Z', NULL, 'SCHEDULED');
INSERT INTO "Lesson" (id, studentId, teacherId, lessonNumber, topic, scheduledAt, meetLink, status) VALUES ('019eac59-2b6f-79e1-83df-8d857a037b4c', '019eabcf-2cdf-7b71-be79-5ea3eceb7e6f', '019ea65d-bebb-7d51-a548-4dad3acba403', 2, '2', '2026-06-10T13:00:00.000Z', NULL, 'SCHEDULED');
INSERT INTO "Lesson" (id, studentId, teacherId, lessonNumber, topic, scheduledAt, meetLink, status) VALUES ('019eac59-2b6f-79e1-83df-8da5aae3e9c6', '019eabcf-2cdf-7b71-be79-5ea3eceb7e6f', '019ea65d-bebb-7d51-a548-4dad3acba403', 3, '3', '2026-06-11T13:00:00.000Z', NULL, 'SCHEDULED');
INSERT INTO "Lesson" (id, studentId, teacherId, lessonNumber, topic, scheduledAt, meetLink, status) VALUES ('019eac59-2b6f-79e1-83df-8dc85c252099', '019eabcf-2cdf-7b71-be79-5ea3eceb7e6f', '019ea65d-bebb-7d51-a548-4dad3acba403', 4, '4', '2026-06-12T13:00:00.000Z', NULL, 'SCHEDULED');
INSERT INTO "Lesson" (id, studentId, teacherId, lessonNumber, topic, scheduledAt, meetLink, status) VALUES ('019eac59-2b6f-79e1-83df-8de29aa45516', '019eabcf-2cdf-7b71-be79-5ea3eceb7e6f', '019ea65d-bebb-7d51-a548-4dad3acba403', 5, '5', '2026-06-14T13:00:00.000Z', NULL, 'SCHEDULED');
INSERT INTO "Lesson" (id, studentId, teacherId, lessonNumber, topic, scheduledAt, meetLink, status) VALUES ('019eb289-7667-7ae0-9987-a85ae1fe7c46', '019eb27d-f726-72f2-994f-d70932cdaa9e', '019eb25f-5d11-73f2-8708-7bbf0503ff6c', 1, '1', '2026-06-10T12:00:00.000Z', NULL, 'SCHEDULED');
INSERT INTO "Lesson" (id, studentId, teacherId, lessonNumber, topic, scheduledAt, meetLink, status) VALUES ('019eb289-7667-7ae0-9987-a87764554daf', '019eb27d-f726-72f2-994f-d70932cdaa9e', '019eb25f-5d11-73f2-8708-7bbf0503ff6c', 2, '2', '2026-06-11T12:00:00.000Z', NULL, 'SCHEDULED');
INSERT INTO "Lesson" (id, studentId, teacherId, lessonNumber, topic, scheduledAt, meetLink, status) VALUES ('019eb289-7667-7ae0-9987-a895204f2233', '019eb27d-f726-72f2-994f-d70932cdaa9e', '019eb25f-5d11-73f2-8708-7bbf0503ff6c', 3, '3', '2026-06-12T12:00:00.000Z', NULL, 'SCHEDULED');
INSERT INTO "Lesson" (id, studentId, teacherId, lessonNumber, topic, scheduledAt, meetLink, status) VALUES ('019eb289-7667-7ae0-9987-a8b7097bf606', '019eb27d-f726-72f2-994f-d70932cdaa9e', '019eb25f-5d11-73f2-8708-7bbf0503ff6c', 4, '4', '2026-06-13T12:00:00.000Z', NULL, 'SCHEDULED');
INSERT INTO "Lesson" (id, studentId, teacherId, lessonNumber, topic, scheduledAt, meetLink, status) VALUES ('019eb289-7667-7ae0-9987-a8d1e6fac6fd', '019eb27d-f726-72f2-994f-d70932cdaa9e', '019eb25f-5d11-73f2-8708-7bbf0503ff6c', 5, '5', '2026-06-14T12:00:00.000Z', NULL, 'SCHEDULED');
-- Data for GameRound
INSERT INTO "GameRound" (id, userId, challenge1, challenge2, challenge3, challenge4, time, totalScore, createdAt) VALUES ('019eade6-888e-7073-84ab-7fce0ac35770', '019ea954-2d09-7a30-8bea-727ace466518', 1, 0, 0, 1, 180, 2, '2026-06-09T19:40:27.150Z');
INSERT INTO "GameRound" (id, userId, challenge1, challenge2, challenge3, challenge4, time, totalScore, createdAt) VALUES ('019eae1d-265b-7811-9751-4354dff0bf85', '019eabcf-2cdf-7b71-be79-5ea3eceb7e6f', 1, 0, 0, 1, 180, 2, '2026-06-09T20:40:06.492Z');
INSERT INTO "GameRound" (id, userId, challenge1, challenge2, challenge3, challenge4, time, totalScore, createdAt) VALUES ('019eae1d-5149-7d13-b16f-ab2019b93d2a', '019eabcf-2cdf-7b71-be79-5ea3eceb7e6f', 1, 0, 1, 1, 180, 3, '2026-06-09T20:40:17.481Z');
INSERT INTO "GameRound" (id, userId, challenge1, challenge2, challenge3, challenge4, time, totalScore, createdAt) VALUES ('019eae1d-618b-7bb1-b4f2-341d4c9b4f77', '019eabcf-2cdf-7b71-be79-5ea3eceb7e6f', 1, 1, 1, 1, 180, 4, '2026-06-09T20:40:21.643Z');
INSERT INTO "GameRound" (id, userId, challenge1, challenge2, challenge3, challenge4, time, totalScore, createdAt) VALUES ('019eae1d-82a1-7f73-9590-b408236fa7e8', '019eabcf-2cdf-7b71-be79-5ea3eceb7e6f', 0, 1, 0, 1, 180, 2, '2026-06-09T20:40:30.113Z');
INSERT INTO "GameRound" (id, userId, challenge1, challenge2, challenge3, challenge4, time, totalScore, createdAt) VALUES ('019eae1e-8162-7523-a71a-711dc89d05dc', '019eabcf-2cdf-7b71-be79-5ea3eceb7e6f', 0, 0, 0, 0, 180, 0, '2026-06-09T20:41:35.330Z');
INSERT INTO "GameRound" (id, userId, challenge1, challenge2, challenge3, challenge4, time, totalScore, createdAt) VALUES ('019eae1e-8e44-73c3-a944-77ad0ba3ba4c', '019eabcf-2cdf-7b71-be79-5ea3eceb7e6f', 0, 0, 0, 1, 180, 1, '2026-06-09T20:41:38.628Z');
INSERT INTO "GameRound" (id, userId, challenge1, challenge2, challenge3, challenge4, time, totalScore, createdAt) VALUES ('019eae47-1340-7242-8da3-103c280cc79f', '019ea954-2d09-7a30-8bea-727ace466518', 1, 0, 0, 0, 6, 1, '2026-06-09T21:25:54.112Z');
INSERT INTO "GameRound" (id, userId, challenge1, challenge2, challenge3, challenge4, time, totalScore, createdAt) VALUES ('019eae4e-cf6d-7601-8878-199a15da487d', '019ea954-2d09-7a30-8bea-727ace466518', 1, 1, 1, 0, 11, 3, '2026-06-09T21:34:21.037Z');
INSERT INTO "GameRound" (id, userId, challenge1, challenge2, challenge3, challenge4, time, totalScore, createdAt) VALUES ('019eae58-c13c-7200-8dc0-b076ff152b38', '019ea954-2d09-7a30-8bea-727ace466518', 1, 0, 0, 0, 5, 1, '2026-06-09T21:45:12.765Z');
INSERT INTO "GameRound" (id, userId, challenge1, challenge2, challenge3, challenge4, time, totalScore, createdAt) VALUES ('019eae5e-6719-7f31-8123-65514568088b', '019ea954-2d09-7a30-8bea-727ace466518', 1, 1, 0, 0, 5, 2, '2026-06-09T21:51:22.905Z');
INSERT INTO "GameRound" (id, userId, challenge1, challenge2, challenge3, challenge4, time, totalScore, createdAt) VALUES ('019eae60-dad4-78e0-b371-1f8ecd4c1b0a', '019ea954-2d09-7a30-8bea-727ace466518', 1, 1, 1, 0, 5, 3, '2026-06-09T21:54:03.605Z');
INSERT INTO "GameRound" (id, userId, challenge1, challenge2, challenge3, challenge4, time, totalScore, createdAt) VALUES ('019eb2a3-e313-7d30-ab23-3cb2b8cfa979', '019eb27d-f726-72f2-994f-d70932cdaa9e', 0, 0, 0, 1, 120, 1, '2026-06-10T17:45:45.492Z');
INSERT INTO "GameRound" (id, userId, challenge1, challenge2, challenge3, challenge4, time, totalScore, createdAt) VALUES ('019eb2a3-f9e2-72e2-ba04-b020781e5724', '019eb27d-f726-72f2-994f-d70932cdaa9e', 0, 0, 0, 0, 120, 0, '2026-06-10T17:45:51.331Z');
INSERT INTO "GameRound" (id, userId, challenge1, challenge2, challenge3, challenge4, time, totalScore, createdAt) VALUES ('019eb2a4-0acd-7653-b65e-3158b458b817', '019eb27d-f726-72f2-994f-d70932cdaa9e', 0, 0, 1, 1, 120, 2, '2026-06-10T17:45:55.662Z');
INSERT INTO "GameRound" (id, userId, challenge1, challenge2, challenge3, challenge4, time, totalScore, createdAt) VALUES ('019eb2a4-1525-7ef1-a9bc-f993ed4bd9ec', '019eb27d-f726-72f2-994f-d70932cdaa9e', 0, 1, 1, 1, 120, 3, '2026-06-10T17:45:58.309Z');
INSERT INTO "GameRound" (id, userId, challenge1, challenge2, challenge3, challenge4, time, totalScore, createdAt) VALUES ('019eb2a4-20e9-79a1-8296-07fafbc36a7d', '019eb27d-f726-72f2-994f-d70932cdaa9e', 0, 1, 0, 1, 120, 2, '2026-06-10T17:46:01.322Z');
INSERT INTO "GameRound" (id, userId, challenge1, challenge2, challenge3, challenge4, time, totalScore, createdAt) VALUES ('019eb2a4-32cc-72e0-b8ff-bc46e78f801e', '019eb27d-f726-72f2-994f-d70932cdaa9e', 1, 1, 1, 1, 120, 4, '2026-06-10T17:46:05.901Z');
INSERT INTO "GameRound" (id, userId, challenge1, challenge2, challenge3, challenge4, time, totalScore, createdAt) VALUES ('019eb2ad-7e0e-7463-ac81-63c122699c07', '019eb27d-f726-72f2-994f-d70932cdaa9e', 1, 1, 1, 1, 12, 4, '2026-06-10T17:56:14.991Z');